{"cameraMode":{"drawMode":0,"name":"Shaded","section":"Shading Mode"},"sceneLighting":false,"audioPlay":false,"sceneViewState":{"m_AlwaysRefresh":false,"showFog":true,"showSkybox":false,"showFlares":true,"showImageEffects":true,"showParticleSystems":true,"showVisualEffectGraphs":true,"m_FxEnabled":true},"in2DMode":false,"pivot":{"x":0.29706457257270815,"y":0.4095695912837982,"z":-0.6678337454795837},"rotation":{"x":0.15264718234539033,"y":-0.19401636719703675,"z":0.030561884865164758,"w":0.9685845971107483},"size":0.06879322230815888,"orthographic":false}